--
-- PostgreSQL database dump
--

-- Dumped from database version 10.5
-- Dumped by pg_dump version 13.0

-- Started on 2021-03-10 16:13:31

SET statement_timeout = 0;
SET lock_timeout = 0;
SET idle_in_transaction_session_timeout = 0;
SET client_encoding = 'UTF8';
SET standard_conforming_strings = on;
SELECT pg_catalog.set_config('search_path', '', false);
SET check_function_bodies = false;
SET xmloption = content;
SET client_min_messages = warning;
SET row_security = off;

--
-- TOC entry 3 (class 2615 OID 2200)
-- Name: public; Type: SCHEMA; Schema: -; Owner: postgres
--

CREATE SCHEMA public;


ALTER SCHEMA public OWNER TO postgres;

--
-- TOC entry 2827 (class 0 OID 0)
-- Dependencies: 3
-- Name: SCHEMA public; Type: COMMENT; Schema: -; Owner: postgres
--

COMMENT ON SCHEMA public IS 'standard public schema';


SET default_tablespace = '';

--
-- TOC entry 196 (class 1259 OID 196803)
-- Name: pos_departmentsshow; Type: TABLE; Schema: public; Owner: postgres
--

CREATE TABLE public.pos_departmentsshow (
    departmentid integer NOT NULL,
    departmentname character varying(50) NOT NULL,
    departmentimage character varying(50),
    departmenttext character varying,
    departmentshow boolean NOT NULL,
    departmentno integer,
    departmentorder integer,
    departmentopen boolean,
    taplunumber character varying(15),
    departmentsremarks character varying(50),
    deptactivestart timestamp without time zone,
    deptactiveend timestamp without time zone,
    deptopentime boolean,
    deptopentimestart timestamp without time zone,
    deptopentimeend timestamp without time zone,
    groupid integer,
    departmenttype integer,
    locked boolean,
    tenantid integer
);


ALTER TABLE public.pos_departmentsshow OWNER TO postgres;

--
-- TOC entry 197 (class 1259 OID 196809)
-- Name: pos_groupshow; Type: TABLE; Schema: public; Owner: postgres
--

CREATE TABLE public.pos_groupshow (
    groupid integer NOT NULL,
    groupname character varying(50) NOT NULL,
    groupimage character varying(50),
    grouptext character varying,
    groupshow boolean NOT NULL,
    groupno integer,
    grouporder integer,
    groupopen boolean,
    locked boolean,
    tenantid integer
);


ALTER TABLE public.pos_groupshow OWNER TO postgres;

--
-- TOC entry 198 (class 1259 OID 196827)
-- Name: pos_plushow; Type: TABLE; Schema: public; Owner: postgres
--

CREATE TABLE public.pos_plushow (
    pluid bigint,
    pluname character varying(50),
    pluimage character varying(50),
    plutext character varying,
    pluinputdate timestamp without time zone,
    plushow boolean,
    plunumber character varying(20),
    plutype integer,
    departmentid integer,
    plugroup integer,
    plulevel integer,
    pluremarks character varying(50),
    pluorder integer,
    pluflag integer,
    plumod integer DEFAULT 0,
    modlink integer DEFAULT 0,
    pluactivestart timestamp without time zone,
    pluactiveend timestamp without time zone,
    plunamelang1 character varying(50),
    plukind smallint,
    plumaxorder integer,
    islinkmenu boolean,
    plutypeemenu integer,
    pluopenday boolean DEFAULT false,
    pluopensundaystart timestamp without time zone DEFAULT '2020-01-01 00:00:00'::timestamp without time zone,
    pluopensundaystop timestamp without time zone DEFAULT '2020-01-01 00:00:00'::timestamp without time zone,
    pluopenmondaystart timestamp without time zone DEFAULT '2020-01-01 00:00:00'::timestamp without time zone,
    pluopenmondaystop timestamp without time zone DEFAULT '2020-01-01 00:00:00'::timestamp without time zone,
    pluopentuesdaystart timestamp without time zone DEFAULT '2020-01-01 00:00:00'::timestamp without time zone,
    pluopentuesdaystop timestamp without time zone DEFAULT '2020-01-01 00:00:00'::timestamp without time zone,
    pluopenwednesdaystart timestamp without time zone DEFAULT '2020-01-01 00:00:00'::timestamp without time zone,
    pluopenwednesdaystop timestamp without time zone DEFAULT '2020-01-01 00:00:00'::timestamp without time zone,
    pluopenthursdaystart timestamp without time zone DEFAULT '2020-01-01 00:00:00'::timestamp without time zone,
    pluopenthursdaystop timestamp without time zone DEFAULT '2020-01-01 00:00:00'::timestamp without time zone,
    pluopenfridaystart timestamp without time zone DEFAULT '2020-01-01 00:00:00'::timestamp without time zone,
    pluopenfridaystop timestamp without time zone DEFAULT '2020-01-01 00:00:00'::timestamp without time zone,
    pluopensaturdaystart timestamp without time zone DEFAULT '2020-01-01 00:00:00'::timestamp without time zone,
    pluopensaturdaystop timestamp without time zone DEFAULT '2020-01-01 00:00:00'::timestamp without time zone,
    pluopenholidaystart timestamp without time zone DEFAULT '2020-01-01 00:00:00'::timestamp without time zone,
    pluopenholidaystop timestamp without time zone DEFAULT '2020-01-01 00:00:00'::timestamp without time zone,
    tenantid integer
);


ALTER TABLE public.pos_plushow OWNER TO postgres;

--
-- TOC entry 2819 (class 0 OID 196803)
-- Dependencies: 196
-- Data for Name: pos_departmentsshow; Type: TABLE DATA; Schema: public; Owner: postgres
--

INSERT INTO public.pos_departmentsshow VALUES (10, 'Bento', '655aa9ce978fad371a4e29dedd5fcf9f.jpg', 'Bento', true, 9, 13, true, '', 'Bento', '1970-01-01 00:00:00', '2030-01-01 00:00:00', false, '1970-01-01 14:20:00', '2030-01-01 23:00:00', 2, 0, false, 2);
INSERT INTO public.pos_departmentsshow VALUES (1, 'Milk Tea', '4ac4f35fb0f059bf532acda18e15d1bb.jpg', 'Milk Tea', true, 1, 1, true, '', 'Milk Tea', '2020-01-01 00:00:00', '2030-01-01 00:00:00', true, '2020-01-01 06:28:00', '2030-01-01 15:34:00', 1, 0, true, 1);
INSERT INTO public.pos_departmentsshow VALUES (7, 'Beverage', '38d8b1f300535fc9f1e1732a1704a9cc.jpg', 'Beverage', true, 6, 1, true, '', 'Beverage', '1970-01-01 00:00:00', '2030-01-01 00:00:00', false, '1970-01-02 00:00:00', '2030-01-02 00:00:00', 2, 0, false, 2);
INSERT INTO public.pos_departmentsshow VALUES (3, 'Yoghurt', 'cd06f0512f5c99c9f827ffd3b3598dbe.jpg', 'Yoghurt', true, 3, 3, true, '', 'Yoghurt', '1970-01-01 00:00:00', '2030-01-01 00:00:00', false, '0001-01-01 00:00:00', '0001-01-01 00:00:00', 1, 0, false, 1);
INSERT INTO public.pos_departmentsshow VALUES (6, 'Modifier', 'fc617a45cad5d8a1616a1817e6db3844.jpg', 'Modifier', false, 12, 6, false, '', 'Modifier', '1970-01-01 00:00:00', '2030-01-01 00:00:00', false, '0001-01-01 01:01:01', '0001-01-01 01:01:01', 1, 0, false, 1);
INSERT INTO public.pos_departmentsshow VALUES (5, 'Topping', 'f0f2feae37ac651bdd74810745a30869.jpg', 'Topping', false, 5, 5, true, '', 'Topping', '1970-01-01 00:00:00', '2030-01-01 00:00:00', false, '0001-01-01 01:01:01', '0001-01-01 01:01:01', 1, 0, false, 1);
INSERT INTO public.pos_departmentsshow VALUES (13, 'Sandwiches', 'cc91e7cb308a7a0aa44e0fa7efe2acae.jpg', 'Sandwiches', true, 13, 1, true, '', '', '1970-01-01 00:00:00', '2030-01-01 00:00:00', false, '0001-01-01 01:01:01', '0001-01-01 01:01:01', 3, 0, false, 4);
INSERT INTO public.pos_departmentsshow VALUES (14, 'Fresh Fit', 'c543ffdcf4e02acf95165e2600025283.jpg', 'Fresh Fit', true, 14, 2, true, '', '', '1970-01-01 00:00:00', '2030-01-01 00:00:00', false, '0001-01-01 01:01:01', '0001-01-01 01:01:01', 3, 0, false, 4);
INSERT INTO public.pos_departmentsshow VALUES (15, 'Subway Slider', '16ac0edd0642aafcfb42c23cbd42d9f2.jpg', 'Subway Slider', true, 15, 1, true, '', '', '1970-01-01 00:00:00', '2030-01-01 00:00:00', false, '0001-01-01 01:01:01', '0001-01-01 01:01:01', 3, 0, false, 4);
INSERT INTO public.pos_departmentsshow VALUES (4, 'Macchiato', '3c5bc1a411799bf4ca981fd5f132f2c5.jpg', 'Macchiato', true, 4, 10, true, '', 'Macchiato', '1970-01-01 00:00:00', '2030-01-01 00:00:00', false, '0001-01-01 00:00:00', '0001-01-01 00:00:00', 1, 0, false, 1);
INSERT INTO public.pos_departmentsshow VALUES (11, 'Gorengan', 'c34872a0aff991aa97441726a24e30fd.jpg', 'Gorengan', true, 10, 11, false, '', 'Gorengan', '1970-01-01 00:00:00', '2030-01-01 00:00:00', false, '1970-01-01 01:01:00', '2030-01-01 01:01:00', 2, 0, false, 2);
INSERT INTO public.pos_departmentsshow VALUES (12, 'Add On', '6915ec6ed37ed49e4151ee7cd05fcf4a.jpg', 'Add On', true, 11, 12, false, '', 'Add On', '1970-01-01 00:00:00', '2030-01-01 00:00:00', false, '1970-01-01 01:01:00', '2030-01-01 01:01:00', 2, 0, false, 2);
INSERT INTO public.pos_departmentsshow VALUES (2, 'Smoothies Smoothies', '74ccd3fabf1517a5950f7e0abcbfe6ba.jpg', 'Smoothies', true, 2, 2, true, '', 'Smoothies', '1970-01-01 00:00:00', '2030-01-01 00:00:00', false, '1970-01-02 00:00:00', '2030-01-02 00:00:00', 1, 0, false, 1);
INSERT INTO public.pos_departmentsshow VALUES (8, 'Value Meals', '5a11d7e3485de0d31f0047e9262d68ee.jpg', 'Value Meals', true, 7, 8, true, '', 'Value Meals', '1970-01-01 00:00:00', '2030-01-01 00:00:00', false, '1970-01-01 09:37:00', '2030-01-01 23:01:00', 2, 0, false, 2);
INSERT INTO public.pos_departmentsshow VALUES (9, 'Chicken Katsu', 'b2f0276bc93fd3cf20fa5d50d7cfbd74.jpg', 'Chicken Katsu', true, 8, 9, true, '', 'Chicken Katsu', '1970-01-01 00:00:00', '2030-01-01 00:00:00', false, '1970-01-01 14:22:00', '2030-01-02 00:00:00', 2, 0, false, 2);
INSERT INTO public.pos_departmentsshow VALUES (16, 'Main Dept', '7eefc364a239abaf300a9a081d8f1f6e.jpg', 'Main Dept', false, 11, 1, true, '', '', '2020-05-28 00:00:00', '2026-05-28 00:00:00', false, '2020-05-29 00:00:00', '2026-05-28 23:59:00', 2, 0, false, 2);


--
-- TOC entry 2820 (class 0 OID 196809)
-- Dependencies: 197
-- Data for Name: pos_groupshow; Type: TABLE DATA; Schema: public; Owner: postgres
--

INSERT INTO public.pos_groupshow VALUES (3, 'Subway Group', 'ba2ade49013319500c7d2593a335a8b8.png', 'Subway Group', true, 3, 1, true, false, 4);
INSERT INTO public.pos_groupshow VALUES (1, 'Raptor Bubble Tea', '96d6d098a14ec5e99e2e7b6103d5eae4.jpg', 'Raptor Bubble Tea', true, 1, 1, true, true, 1);
INSERT INTO public.pos_groupshow VALUES (4, 'Test', '8e24406c80b97d556b9ca8bb299f2d24.jpg', 'Test', true, 2, 1, false, false, 1);
INSERT INTO public.pos_groupshow VALUES (6, 'ari', 'fc4cfa788141a713e8c0be5614265514.jpg', 'ari', true, 2, 2, true, false, 2);
INSERT INTO public.pos_groupshow VALUES (2, 'Raptor Katsu', '7bbcc6a462a5a6ef8aaf71bd8d88d6f4.jpg', 'Raptor Katsu', true, 2, 2, true, true, 2);
INSERT INTO public.pos_groupshow VALUES (7, 'tunai ucu benet', 'c217bfd0d03b14c2b409483d4511f980.jpg', 'tunai', true, 2, 1, true, false, 2);
INSERT INTO public.pos_groupshow VALUES (5, 'Testing Group', '6e803ac21cacf68f5dbf4d4302295d2d.png', 'Testing Group Testing Group', true, 2, 1, true, true, 2);
INSERT INTO public.pos_groupshow VALUES (8, 'Lorem 8', '', '', true, 2, 0, true, false, 2);
INSERT INTO public.pos_groupshow VALUES (9, 'Lorem 9', '', '', true, 2, 0, true, false, 2);
INSERT INTO public.pos_groupshow VALUES (10, 'Lorem 10', '', '', true, 2, 0, true, false, 2);
INSERT INTO public.pos_groupshow VALUES (11, 'Lorem 11', '', '', true, 2, 0, true, false, 2);
INSERT INTO public.pos_groupshow VALUES (12, 'Lorem 12', '', '', true, 2, 0, true, false, 2);
INSERT INTO public.pos_groupshow VALUES (13, 'Lorem 13', '', '', true, 2, 0, true, false, 2);
INSERT INTO public.pos_groupshow VALUES (14, 'Lorem 14', '', '', true, 2, 0, true, false, 2);
INSERT INTO public.pos_groupshow VALUES (15, 'Lorem 15', '', '', true, 2, 0, true, false, 2);
INSERT INTO public.pos_groupshow VALUES (16, 'Lorem 16', '', '', true, 2, 0, true, false, 2);
INSERT INTO public.pos_groupshow VALUES (17, 'Lorem 17', '', '', true, 2, 0, true, false, 2);


--
-- TOC entry 2821 (class 0 OID 196827)
-- Dependencies: 198
-- Data for Name: pos_plushow; Type: TABLE DATA; Schema: public; Owner: postgres
--

INSERT INTO public.pos_plushow VALUES (79, 'Es  Jeruk', 'be2e09c080fac6dc7e7439a928a70f57.jpg', 'Es  Jeruk', '2018-09-01 00:00:00', true, '00000000T2-0029', 0, 7, 0, 0, '', 1, 0, 0, 0, '2018-01-01 00:00:00', '2028-01-01 00:00:00', '', 0, 0, false, 1, false, '0001-01-01 00:00:00', '0001-01-01 00:00:00', '0001-01-01 00:00:00', '0001-01-01 00:00:00', '0001-01-01 00:00:00', '0001-01-01 00:00:00', '0001-01-01 00:00:00', '0001-01-01 00:00:00', '0001-01-01 00:00:00', '0001-01-01 00:00:00', '0001-01-01 00:00:00', '0001-01-01 00:00:00', '0001-01-01 00:00:00', '0001-01-01 00:00:00', '0001-01-01 00:00:00', '0001-01-01 00:00:00', 2);
INSERT INTO public.pos_plushow VALUES (61, 'Oyakodon', '5df80df8eaf526f72838d5b5febc4180.jpg', 'Oyakodon', '2018-09-01 00:00:00', true, '00000000T2-0011', 0, 8, 0, 0, '', 1, 0, 0, 0, '2018-01-01 00:00:00', '2028-01-01 00:00:00', '', 0, 0, false, 1, false, '0001-01-01 00:00:00', '0001-01-01 00:00:00', '0001-01-01 00:00:00', '0001-01-01 00:00:00', '0001-01-01 00:00:00', '0001-01-01 00:00:00', '0001-01-01 00:00:00', '0001-01-01 00:00:00', '0001-01-01 00:00:00', '0001-01-01 00:00:00', '0001-01-01 00:00:00', '0001-01-01 00:00:00', '0001-01-01 00:00:00', '0001-01-01 00:00:00', '0001-01-01 00:00:00', '0001-01-01 00:00:00', 2);
INSERT INTO public.pos_plushow VALUES (59, 'Chicken Karaage Rice', '42d37e828baf30d630bf93f314a54f22.jpg', 'Chicken Karaage Rice', '2018-09-01 00:00:00', true, '00000000T2-0009', 0, 8, 0, 0, '', 1, 0, 0, 0, '2018-01-01 00:00:00', '2028-01-01 00:00:00', '', 0, 0, false, 1, false, '0001-01-01 00:00:00', '0001-01-01 00:00:00', '0001-01-01 00:00:00', '0001-01-01 00:00:00', '0001-01-01 00:00:00', '0001-01-01 00:00:00', '0001-01-01 00:00:00', '0001-01-01 00:00:00', '0001-01-01 00:00:00', '0001-01-01 00:00:00', '0001-01-01 00:00:00', '0001-01-01 00:00:00', '0001-01-01 00:00:00', '0001-01-01 00:00:00', '0001-01-01 00:00:00', '0001-01-01 00:00:00', 2);
INSERT INTO public.pos_plushow VALUES (60, 'Omu Rice', 'af28ba63b2725c4e3b17be5a0fb4cdc1.jpg', 'Omu Rice', '2018-09-01 00:00:00', true, '00000000T2-0010', 0, 8, 0, 0, '', 1, 0, 0, 0, '2018-01-01 00:00:00', '2028-01-01 00:00:00', '', 0, 0, false, 1, false, '0001-01-01 00:00:00', '0001-01-01 00:00:00', '0001-01-01 00:00:00', '0001-01-01 00:00:00', '0001-01-01 00:00:00', '0001-01-01 00:00:00', '0001-01-01 00:00:00', '0001-01-01 00:00:00', '0001-01-01 00:00:00', '0001-01-01 00:00:00', '0001-01-01 00:00:00', '0001-01-01 00:00:00', '0001-01-01 00:00:00', '0001-01-01 00:00:00', '0001-01-01 00:00:00', '0001-01-01 00:00:00', 2);
INSERT INTO public.pos_plushow VALUES (65, 'Shrimp Roll', 'b4251a170ef97fbb958831e6da130b02.jpg', 'Shrimp Roll 3pcs', '2018-09-01 00:00:00', true, '00000000T2-0015', 0, 8, 0, 0, '', 1, 0, 0, 0, '2018-01-01 00:00:00', '2028-01-01 00:00:00', '', 0, 0, false, 1, false, '0001-01-01 00:00:00', '0001-01-01 00:00:00', '0001-01-01 00:00:00', '0001-01-01 00:00:00', '0001-01-01 00:00:00', '0001-01-01 00:00:00', '0001-01-01 00:00:00', '0001-01-01 00:00:00', '0001-01-01 00:00:00', '0001-01-01 00:00:00', '0001-01-01 00:00:00', '0001-01-01 00:00:00', '0001-01-01 00:00:00', '0001-01-01 00:00:00', '0001-01-01 00:00:00', '0001-01-01 00:00:00', 2);
INSERT INTO public.pos_plushow VALUES (66, 'Chicken Karaage', '19e26136e3322ee95994f6c3cced2d3c.jpg', 'Chicken Karaage 2pcs', '2018-09-01 00:00:00', true, '00000000T2-0016', 0, 8, 0, 0, '', 1, 0, 0, 0, '2018-01-01 00:00:00', '2028-01-01 00:00:00', '', 0, 0, false, 1, false, '0001-01-01 00:00:00', '0001-01-01 00:00:00', '0001-01-01 00:00:00', '0001-01-01 00:00:00', '0001-01-01 00:00:00', '0001-01-01 00:00:00', '0001-01-01 00:00:00', '0001-01-01 00:00:00', '0001-01-01 00:00:00', '0001-01-01 00:00:00', '0001-01-01 00:00:00', '0001-01-01 00:00:00', '0001-01-01 00:00:00', '0001-01-01 00:00:00', '0001-01-01 00:00:00', '0001-01-01 00:00:00', 2);
INSERT INTO public.pos_plushow VALUES (67, 'Ekkado', 'a7f55eb977d2f8b09189544a1faf0a74.jpg', 'Ekkado 3pcs', '2018-09-01 00:00:00', true, '00000000T2-0017', 0, 8, 0, 0, '', 1, 0, 0, 0, '2018-01-01 00:00:00', '2028-01-01 00:00:00', '', 0, 0, false, 1, false, '0001-01-01 00:00:00', '0001-01-01 00:00:00', '0001-01-01 00:00:00', '0001-01-01 00:00:00', '0001-01-01 00:00:00', '0001-01-01 00:00:00', '0001-01-01 00:00:00', '0001-01-01 00:00:00', '0001-01-01 00:00:00', '0001-01-01 00:00:00', '0001-01-01 00:00:00', '0001-01-01 00:00:00', '0001-01-01 00:00:00', '0001-01-01 00:00:00', '0001-01-01 00:00:00', '0001-01-01 00:00:00', 2);
INSERT INTO public.pos_plushow VALUES (69, 'Kakiage', 'dae5b4f4fb7e0876ce14b09947fcb281.jpeg', 'Kakiage', '2018-09-01 00:00:00', true, '00000000T2-0019', 0, 8, 0, 0, '', 1, 0, 0, 0, '2018-01-01 00:00:00', '2028-01-01 00:00:00', '', 0, 0, false, 1, false, '0001-01-01 00:00:00', '0001-01-01 00:00:00', '0001-01-01 00:00:00', '0001-01-01 00:00:00', '0001-01-01 00:00:00', '0001-01-01 00:00:00', '0001-01-01 00:00:00', '0001-01-01 00:00:00', '0001-01-01 00:00:00', '0001-01-01 00:00:00', '0001-01-01 00:00:00', '0001-01-01 00:00:00', '0001-01-01 00:00:00', '0001-01-01 00:00:00', '0001-01-01 00:00:00', '0001-01-01 00:00:00', 2);
INSERT INTO public.pos_plushow VALUES (63, 'Yakitori Chicken', '93440cbda9dd48a6814d82f2890a4985.jpg', 'Yakitori (Chicken)', '2018-09-01 00:00:00', true, '00000000T2-0013', 0, 8, 0, 0, '', 63, 0, 0, 0, '2018-01-01 00:00:00', '2028-01-01 00:00:00', '', 0, 0, false, 1, false, '0001-01-01 00:00:00', '0001-01-01 00:00:00', '0001-01-01 00:00:00', '0001-01-01 00:00:00', '0001-01-01 00:00:00', '0001-01-01 00:00:00', '0001-01-01 00:00:00', '0001-01-01 00:00:00', '0001-01-01 00:00:00', '0001-01-01 00:00:00', '0001-01-01 00:00:00', '0001-01-01 00:00:00', '0001-01-01 00:00:00', '0001-01-01 00:00:00', '0001-01-01 00:00:00', '0001-01-01 00:00:00', 2);
INSERT INTO public.pos_plushow VALUES (71, 'Japanese White Rice', 'eeb6ca4af41e80f9db50153d5316ca45.jpg', 'Japanese White Rice', '2018-09-01 00:00:00', true, '00000000T2-0021', 0, 7, 0, 0, '', 71, 0, 0, 0, '2018-01-01 00:00:00', '2028-01-01 00:00:00', '', 0, 0, false, 1, false, '0001-01-01 00:00:00', '0001-01-01 00:00:00', '0001-01-01 00:00:00', '0001-01-01 00:00:00', '0001-01-01 00:00:00', '0001-01-01 00:00:00', '0001-01-01 00:00:00', '0001-01-01 00:00:00', '0001-01-01 00:00:00', '0001-01-01 00:00:00', '0001-01-01 00:00:00', '0001-01-01 00:00:00', '0001-01-01 00:00:00', '0001-01-01 00:00:00', '0001-01-01 00:00:00', '0001-01-01 00:00:00', 2);
INSERT INTO public.pos_plushow VALUES (72, 'Miso Soup', '3ab0a0cf8cecf6a8bc87b059df2502cc.jpg', 'Miso Soup', '2018-09-01 00:00:00', true, '00000000T2-0022', 0, 7, 0, 0, '', 72, 0, 0, 0, '2018-01-01 00:00:00', '2028-01-01 00:00:00', '', 0, 0, false, 1, false, '0001-01-01 00:00:00', '0001-01-01 00:00:00', '0001-01-01 00:00:00', '0001-01-01 00:00:00', '0001-01-01 00:00:00', '0001-01-01 00:00:00', '0001-01-01 00:00:00', '0001-01-01 00:00:00', '0001-01-01 00:00:00', '0001-01-01 00:00:00', '0001-01-01 00:00:00', '0001-01-01 00:00:00', '0001-01-01 00:00:00', '0001-01-01 00:00:00', '0001-01-01 00:00:00', '0001-01-01 00:00:00', 2);
INSERT INTO public.pos_plushow VALUES (73, 'Fishball Soup', '3b669ba481aa56e851ee0f00c906a741.jpg', 'Fishball Soup', '2018-09-01 00:00:00', true, '00000000T2-0023', 0, 7, 0, 0, '', 73, 0, 0, 0, '2018-01-01 00:00:00', '2028-01-01 00:00:00', '', 0, 0, false, 1, false, '0001-01-01 00:00:00', '0001-01-01 00:00:00', '0001-01-01 00:00:00', '0001-01-01 00:00:00', '0001-01-01 00:00:00', '0001-01-01 00:00:00', '0001-01-01 00:00:00', '0001-01-01 00:00:00', '0001-01-01 00:00:00', '0001-01-01 00:00:00', '0001-01-01 00:00:00', '0001-01-01 00:00:00', '0001-01-01 00:00:00', '0001-01-01 00:00:00', '0001-01-01 00:00:00', '0001-01-01 00:00:00', 2);
INSERT INTO public.pos_plushow VALUES (54, 'Chicken Katsudon', 'b2345f1ece4e9cc3b1d5c88d69b44744.jpg', 'Chicken Katsudon', '2018-09-01 00:00:00', true, '00000000T2-0004', 0, 9, 0, 0, '', 54, 0, 0, 0, '2018-01-01 00:00:00', '2028-01-01 00:00:00', '', 0, 0, false, 1, false, '0001-01-01 00:00:00', '0001-01-01 00:00:00', '0001-01-01 00:00:00', '0001-01-01 00:00:00', '0001-01-01 00:00:00', '0001-01-01 00:00:00', '0001-01-01 00:00:00', '0001-01-01 00:00:00', '0001-01-01 00:00:00', '0001-01-01 00:00:00', '0001-01-01 00:00:00', '0001-01-01 00:00:00', '0001-01-01 00:00:00', '0001-01-01 00:00:00', '0001-01-01 00:00:00', '0001-01-01 00:00:00', 2);
INSERT INTO public.pos_plushow VALUES (86, 'New Ham & Jack Slider', '189aa2e4fd1a76b113614828b5cdcfe5.png', 'New Ham & Jack Slider', '2019-10-07 10:22:00', true, '00000000T4-0005', 0, 15, 0, 0, '', 1, 0, 0, 0, '2000-01-01 00:00:00', '2028-01-01 00:00:00', '', 0, 0, false, 1, false, '0001-01-01 01:01:01', '0001-01-01 01:01:01', '0001-01-01 01:01:01', '0001-01-01 01:01:01', '0001-01-01 01:01:01', '0001-01-01 01:01:01', '0001-01-01 01:01:01', '0001-01-01 01:01:01', '0001-01-01 01:01:01', '0001-01-01 01:01:01', '0001-01-01 01:01:01', '0001-01-01 01:01:01', '0001-01-01 01:01:01', '0001-01-01 01:01:01', '0001-01-01 01:01:01', '0001-01-01 01:01:01', 4);
INSERT INTO public.pos_plushow VALUES (53, 'Cheese Chicken Katsu', 'fce41b1477355b3a6f32c632a9f3eb95.jpg', 'Cheese Chicken Katsu', '2018-09-01 00:00:00', true, '00000000T2-0003', 0, 9, 0, 0, '', 53, 0, 0, 0, '2018-01-01 00:00:00', '2028-01-01 00:00:00', '', 0, 0, false, 1, false, '0001-01-01 00:00:00', '0001-01-01 00:00:00', '0001-01-01 00:00:00', '0001-01-01 00:00:00', '0001-01-01 00:00:00', '0001-01-01 00:00:00', '0001-01-01 00:00:00', '0001-01-01 00:00:00', '0001-01-01 00:00:00', '0001-01-01 00:00:00', '0001-01-01 00:00:00', '0001-01-01 00:00:00', '0001-01-01 00:00:00', '0001-01-01 00:00:00', '0001-01-01 00:00:00', '0001-01-01 00:00:00', 2);
INSERT INTO public.pos_plushow VALUES (12, 'Avocado Smoothies L', 'e5a755ef3a38c76fc3afb51e58f2efb6.jpg', 'Avocado Smoothies L', '2018-09-01 00:00:00', true, '00000000T1-0016', 0, 2, 0, 0, '', 2, 0, 1, 1, '2018-01-01 00:00:00', '2028-01-01 00:00:00', '', 0, 0, false, 1, false, '0001-01-01 00:00:00', '0001-01-01 00:00:00', '0001-01-01 00:00:00', '0001-01-01 00:00:00', '0001-01-01 00:00:00', '0001-01-01 00:00:00', '0001-01-01 00:00:00', '0001-01-01 00:00:00', '0001-01-01 00:00:00', '0001-01-01 00:00:00', '0001-01-01 00:00:00', '0001-01-01 00:00:00', '0001-01-01 00:00:00', '0001-01-01 00:00:00', '0001-01-01 00:00:00', '0001-01-01 00:00:00', 1);
INSERT INTO public.pos_plushow VALUES (45, '100 % Sugar', 'default2.jpg', '100 % Sugar', '2018-09-01 00:00:00', true, '0000000T01-1234', 0, 0, NULL, NULL, NULL, 45, NULL, 1, 1, '2018-01-01 00:00:00', '2028-01-01 00:00:00', NULL, 0, 0, false, 1, false, '2020-01-01 00:00:00', '2020-01-01 00:00:00', '2020-01-01 00:00:00', '2020-01-01 00:00:00', '2020-01-01 00:00:00', '2020-01-01 00:00:00', '2020-01-01 00:00:00', '2020-01-01 00:00:00', '2020-01-01 00:00:00', '2020-01-01 00:00:00', '2020-01-01 00:00:00', '2020-01-01 00:00:00', '2020-01-01 00:00:00', '2020-01-01 00:00:00', '2020-01-01 00:00:00', '2020-01-01 00:00:00', 1);
INSERT INTO public.pos_plushow VALUES (43, '75 % Sugar', 'default2.jpg', '75 % Sugar', '2018-09-01 00:00:00', true, '00000000T1-0213', 0, 0, NULL, NULL, NULL, 43, NULL, 1, 1, '2018-01-01 00:00:00', '2028-01-01 00:00:00', NULL, 0, 0, false, 1, false, '2020-01-01 00:00:00', '2020-01-01 00:00:00', '2020-01-01 00:00:00', '2020-01-01 00:00:00', '2020-01-01 00:00:00', '2020-01-01 00:00:00', '2020-01-01 00:00:00', '2020-01-01 00:00:00', '2020-01-01 00:00:00', '2020-01-01 00:00:00', '2020-01-01 00:00:00', '2020-01-01 00:00:00', '2020-01-01 00:00:00', '2020-01-01 00:00:00', '2020-01-01 00:00:00', '2020-01-01 00:00:00', 1);
INSERT INTO public.pos_plushow VALUES (46, 'Normal Ice', 'default2.jpg', 'Normal Ice', '2018-09-01 00:00:00', true, '0000000T01-1435', 0, 0, NULL, NULL, NULL, 46, NULL, 1, 1, '2018-01-01 00:00:00', '2028-01-01 00:00:00', NULL, 0, 0, false, 1, false, '2020-01-01 00:00:00', '2020-01-01 00:00:00', '2020-01-01 00:00:00', '2020-01-01 00:00:00', '2020-01-01 00:00:00', '2020-01-01 00:00:00', '2020-01-01 00:00:00', '2020-01-01 00:00:00', '2020-01-01 00:00:00', '2020-01-01 00:00:00', '2020-01-01 00:00:00', '2020-01-01 00:00:00', '2020-01-01 00:00:00', '2020-01-01 00:00:00', '2020-01-01 00:00:00', '2020-01-01 00:00:00', 1);
INSERT INTO public.pos_plushow VALUES (47, 'No  Ice', 'default2.jpg', 'No  Ice', '2018-09-01 00:00:00', true, '0000000T01-4367', 0, 0, NULL, NULL, NULL, 47, NULL, 1, 1, '2018-01-01 00:00:00', '2028-01-01 00:00:00', NULL, 0, 0, false, 1, false, '2020-01-01 00:00:00', '2020-01-01 00:00:00', '2020-01-01 00:00:00', '2020-01-01 00:00:00', '2020-01-01 00:00:00', '2020-01-01 00:00:00', '2020-01-01 00:00:00', '2020-01-01 00:00:00', '2020-01-01 00:00:00', '2020-01-01 00:00:00', '2020-01-01 00:00:00', '2020-01-01 00:00:00', '2020-01-01 00:00:00', '2020-01-01 00:00:00', '2020-01-01 00:00:00', '2020-01-01 00:00:00', 1);
INSERT INTO public.pos_plushow VALUES (48, 'Extra  Ice', 'default2.jpg', 'Extra  Ice', '2018-09-01 00:00:00', true, '0000000T01-8274', 0, 0, NULL, NULL, NULL, 48, NULL, 1, 1, '2018-01-01 00:00:00', '2028-01-01 00:00:00', NULL, 0, 0, false, 1, false, '2020-01-01 00:00:00', '2020-01-01 00:00:00', '2020-01-01 00:00:00', '2020-01-01 00:00:00', '2020-01-01 00:00:00', '2020-01-01 00:00:00', '2020-01-01 00:00:00', '2020-01-01 00:00:00', '2020-01-01 00:00:00', '2020-01-01 00:00:00', '2020-01-01 00:00:00', '2020-01-01 00:00:00', '2020-01-01 00:00:00', '2020-01-01 00:00:00', '2020-01-01 00:00:00', '2020-01-01 00:00:00', 1);
INSERT INTO public.pos_plushow VALUES (49, 'Less Ice', 'default2.jpg', 'Less Ice', '2018-09-01 00:00:00', true, '0000000T01-8734', 0, 0, NULL, NULL, NULL, 49, NULL, 1, 1, '2018-01-01 00:00:00', '2028-01-01 00:00:00', NULL, 0, 0, false, 1, false, '2020-01-01 00:00:00', '2020-01-01 00:00:00', '2020-01-01 00:00:00', '2020-01-01 00:00:00', '2020-01-01 00:00:00', '2020-01-01 00:00:00', '2020-01-01 00:00:00', '2020-01-01 00:00:00', '2020-01-01 00:00:00', '2020-01-01 00:00:00', '2020-01-01 00:00:00', '2020-01-01 00:00:00', '2020-01-01 00:00:00', '2020-01-01 00:00:00', '2020-01-01 00:00:00', '2020-01-01 00:00:00', 1);
INSERT INTO public.pos_plushow VALUES (50, '50 % Sugar', 'default2.jpg', '50 % Sugar', '2018-09-01 00:00:00', true, '0000000T01-9213', 0, 0, NULL, NULL, NULL, 50, NULL, 1, 1, '2018-01-01 00:00:00', '2028-01-01 00:00:00', NULL, 0, 0, false, 1, false, '2020-01-01 00:00:00', '2020-01-01 00:00:00', '2020-01-01 00:00:00', '2020-01-01 00:00:00', '2020-01-01 00:00:00', '2020-01-01 00:00:00', '2020-01-01 00:00:00', '2020-01-01 00:00:00', '2020-01-01 00:00:00', '2020-01-01 00:00:00', '2020-01-01 00:00:00', '2020-01-01 00:00:00', '2020-01-01 00:00:00', '2020-01-01 00:00:00', '2020-01-01 00:00:00', '2020-01-01 00:00:00', 1);
INSERT INTO public.pos_plushow VALUES (57, 'Yakiniku Gyudon', '75ce15feacd8031a10a187a5644c0ff5.jpg', 'Yakiniku Gyudon', '2018-09-01 00:00:00', true, '00000000T2-0007', 0, 10, 0, 0, '', 57, 0, 0, 0, '2018-01-01 00:00:00', '2028-01-01 00:00:00', '', 0, 0, false, 1, false, '0001-01-01 00:00:00', '0001-01-01 00:00:00', '0001-01-01 00:00:00', '0001-01-01 00:00:00', '0001-01-01 00:00:00', '0001-01-01 00:00:00', '0001-01-01 00:00:00', '0001-01-01 00:00:00', '0001-01-01 00:00:00', '0001-01-01 00:00:00', '0001-01-01 00:00:00', '0001-01-01 00:00:00', '0001-01-01 00:00:00', '0001-01-01 00:00:00', '0001-01-01 00:00:00', '0001-01-01 00:00:00', 2);
INSERT INTO public.pos_plushow VALUES (58, 'Original Gyudon', 'c43b842d23ce19a45e4036b2a83d85e4.jpg', 'Original Gyudon', '2018-09-01 00:00:00', true, '00000000T2-0008', 0, 10, 0, 0, '', 58, 0, 0, 0, '2018-01-01 00:00:00', '2028-01-01 00:00:00', '', 0, 0, false, 1, false, '0001-01-01 00:00:00', '0001-01-01 00:00:00', '0001-01-01 00:00:00', '0001-01-01 00:00:00', '0001-01-01 00:00:00', '0001-01-01 00:00:00', '0001-01-01 00:00:00', '0001-01-01 00:00:00', '0001-01-01 00:00:00', '0001-01-01 00:00:00', '0001-01-01 00:00:00', '0001-01-01 00:00:00', '0001-01-01 00:00:00', '0001-01-01 00:00:00', '0001-01-01 00:00:00', '0001-01-01 00:00:00', 2);
INSERT INTO public.pos_plushow VALUES (82, 'New Pit-Smoked Brisket', 'a8ecd8bee3bb6a47b6b7fc3d353a11a5.png', 'New Pit-Smoked Brisket', '2019-10-05 09:44:21', true, '00000000T4-0001', 0, 13, 0, 0, '', 1, 0, 0, 0, '2000-01-01 00:00:00', '2028-01-01 00:00:00', '', 0, 0, false, 1, false, '0001-01-01 01:01:01', '0001-01-01 01:01:01', '0001-01-01 01:01:01', '0001-01-01 01:01:01', '0001-01-01 01:01:01', '0001-01-01 01:01:01', '0001-01-01 01:01:01', '0001-01-01 01:01:01', '0001-01-01 01:01:01', '0001-01-01 01:01:01', '0001-01-01 01:01:01', '0001-01-01 01:01:01', '0001-01-01 01:01:01', '0001-01-01 01:01:01', '0001-01-01 01:01:01', '0001-01-01 01:01:01', 4);
INSERT INTO public.pos_plushow VALUES (56, 'Chicken Teriyaki', 'bef938694bbb23e769f31e03a98a00ce.jpg', 'Chicken Teriyaki', '2018-09-01 00:00:00', true, '00000000T2-0006', 0, 10, 0, 0, '', 56, 0, 0, 0, '2018-01-01 00:00:00', '2028-01-01 00:00:00', '', 0, 0, false, 1, false, '0001-01-01 00:00:00', '0001-01-01 00:00:00', '0001-01-01 00:00:00', '0001-01-01 00:00:00', '0001-01-01 00:00:00', '0001-01-01 00:00:00', '0001-01-01 00:00:00', '0001-01-01 00:00:00', '0001-01-01 00:00:00', '0001-01-01 00:00:00', '0001-01-01 00:00:00', '0001-01-01 00:00:00', '0001-01-01 00:00:00', '0001-01-01 00:00:00', '0001-01-01 00:00:00', '0001-01-01 00:00:00', 2);
INSERT INTO public.pos_plushow VALUES (15, 'Taro Smoothies R', '571b2205b3732aba1410f1c9681ece77.jpg', 'Taro Smoothies R', '2018-09-01 00:00:00', true, '00000000T1-0019', 0, 2, 0, 0, '', 5, 0, 1, 1, '2018-01-01 00:00:00', '2028-01-01 00:00:00', '', 0, 0, false, 1, false, '0001-01-01 00:00:00', '0001-01-01 00:00:00', '0001-01-01 00:00:00', '0001-01-01 00:00:00', '0001-01-01 00:00:00', '0001-01-01 00:00:00', '0001-01-01 00:00:00', '0001-01-01 00:00:00', '0001-01-01 00:00:00', '0001-01-01 00:00:00', '0001-01-01 00:00:00', '0001-01-01 00:00:00', '0001-01-01 00:00:00', '0001-01-01 00:00:00', '0001-01-01 00:00:00', '0001-01-01 00:00:00', 1);
INSERT INTO public.pos_plushow VALUES (30, 'Mango Macchiato L', '35bf4391ef78c71f6c3d76c97316f8fb.jpg', 'Mango Macchiato L', '2018-09-01 00:00:00', true, '00000000T1-0034', 0, 4, 0, 0, '', 6, 0, 1, 1, '2018-01-01 00:00:00', '2028-01-01 00:00:00', '', 0, 0, false, 1, false, '0001-01-01 00:00:00', '0001-01-01 00:00:00', '0001-01-01 00:00:00', '0001-01-01 00:00:00', '0001-01-01 00:00:00', '0001-01-01 00:00:00', '0001-01-01 00:00:00', '0001-01-01 00:00:00', '0001-01-01 00:00:00', '0001-01-01 00:00:00', '0001-01-01 00:00:00', '0001-01-01 00:00:00', '0001-01-01 00:00:00', '0001-01-01 00:00:00', '0001-01-01 00:00:00', '0001-01-01 00:00:00', 1);
INSERT INTO public.pos_plushow VALUES (42, '25 % Sugar', 'default2.jpg', '25 % Sugar', '2018-09-01 00:00:00', true, '00000000T1-0092', 0, 0, NULL, NULL, NULL, 42, NULL, 1, 1, '2018-01-01 00:00:00', '2028-01-01 00:00:00', NULL, 0, 0, false, 1, false, '2020-01-01 00:00:00', '2020-01-01 00:00:00', '2020-01-01 00:00:00', '2020-01-01 00:00:00', '2020-01-01 00:00:00', '2020-01-01 00:00:00', '2020-01-01 00:00:00', '2020-01-01 00:00:00', '2020-01-01 00:00:00', '2020-01-01 00:00:00', '2020-01-01 00:00:00', '2020-01-01 00:00:00', '2020-01-01 00:00:00', '2020-01-01 00:00:00', '2020-01-01 00:00:00', '2020-01-01 00:00:00', 1);
INSERT INTO public.pos_plushow VALUES (83, 'Black Forest Ham', '06d1ba1bce1234393e0b9fc950b7b3ed.png', 'Black Forest Ham', '2019-10-05 10:29:31', true, '00000000T4-0002', 0, 13, 0, 0, '', 1, 0, 0, 0, '2000-01-01 00:00:00', '2028-01-01 00:00:00', '', 0, 0, false, 1, false, '0001-01-01 01:01:01', '0001-01-01 01:01:01', '0001-01-01 01:01:01', '0001-01-01 01:01:01', '0001-01-01 01:01:01', '0001-01-01 01:01:01', '0001-01-01 01:01:01', '0001-01-01 01:01:01', '0001-01-01 01:01:01', '0001-01-01 01:01:01', '0001-01-01 01:01:01', '0001-01-01 01:01:01', '0001-01-01 01:01:01', '0001-01-01 01:01:01', '0001-01-01 01:01:01', '0001-01-01 01:01:01', 4);
INSERT INTO public.pos_plushow VALUES (84, 'Veggie Delite', '12fd21d7db32b6115f1e70df311fc046.png', 'Veggie Delite', '2019-10-05 10:31:21', true, '00000000T4-0003', 0, 14, 0, 0, '', 1, 0, 0, 0, '2000-01-01 00:00:00', '2028-01-01 00:00:00', '', 0, 0, false, 1, false, '0001-01-01 01:01:01', '0001-01-01 01:01:01', '0001-01-01 01:01:01', '0001-01-01 01:01:01', '0001-01-01 01:01:01', '0001-01-01 01:01:01', '0001-01-01 01:01:01', '0001-01-01 01:01:01', '0001-01-01 01:01:01', '0001-01-01 01:01:01', '0001-01-01 01:01:01', '0001-01-01 01:01:01', '0001-01-01 01:01:01', '0001-01-01 01:01:01', '0001-01-01 01:01:01', '0001-01-01 01:01:01', 4);
INSERT INTO public.pos_plushow VALUES (85, 'Sweet Onion Chicken Teriyaki', 'bddc3eebec7cb9767fcdaaddd9535a6b.png', 'Sweet Onion Chicken Teriyaki', '2019-10-05 10:34:06', true, '00000000T4-0004', 0, 14, 0, 0, '', 3, 0, 0, 0, '2000-01-01 00:00:00', '2028-01-01 00:00:00', '', 0, 0, false, 1, false, '0001-01-01 01:01:01', '0001-01-01 01:01:01', '0001-01-01 01:01:01', '0001-01-01 01:01:01', '0001-01-01 01:01:01', '0001-01-01 01:01:01', '0001-01-01 01:01:01', '0001-01-01 01:01:01', '0001-01-01 01:01:01', '0001-01-01 01:01:01', '0001-01-01 01:01:01', '0001-01-01 01:01:01', '0001-01-01 01:01:01', '0001-01-01 01:01:01', '0001-01-01 01:01:01', '0001-01-01 01:01:01', 4);
INSERT INTO public.pos_plushow VALUES (55, 'Orange Chicken', 'e56954ab415731dd5fe433eec309a6e0.jpg', 'Orange Chicken', '2018-09-01 00:00:00', true, '00000000T2-0005', 0, 10, 0, 0, '', 55, 0, 0, 0, '2018-01-01 00:00:00', '2028-01-01 00:00:00', '', 0, 0, false, 1, false, '0001-01-01 00:00:00', '0001-01-01 00:00:00', '0001-01-01 00:00:00', '0001-01-01 00:00:00', '0001-01-01 00:00:00', '0001-01-01 00:00:00', '0001-01-01 00:00:00', '0001-01-01 00:00:00', '0001-01-01 00:00:00', '0001-01-01 00:00:00', '0001-01-01 00:00:00', '0001-01-01 00:00:00', '0001-01-01 00:00:00', '0001-01-01 00:00:00', '0001-01-01 00:00:00', '0001-01-01 00:00:00', 2);
INSERT INTO public.pos_plushow VALUES (62, 'Japanese Fried Rice', '772bbfe2f6bb298aa4463f7405fe990f.jpg', 'Japanese Fried Rice', '2018-09-01 00:00:00', true, '00000000T2-0012', 0, 8, 0, 0, '', 1, 0, 0, 0, '2018-01-01 00:00:00', '2028-01-01 00:00:00', '', 0, 0, false, 1, false, '0001-01-01 00:00:00', '0001-01-01 00:00:00', '0001-01-01 00:00:00', '0001-01-01 00:00:00', '0001-01-01 00:00:00', '0001-01-01 00:00:00', '0001-01-01 00:00:00', '0001-01-01 00:00:00', '0001-01-01 00:00:00', '0001-01-01 00:00:00', '0001-01-01 00:00:00', '0001-01-01 00:00:00', '0001-01-01 00:00:00', '0001-01-01 00:00:00', '0001-01-01 00:00:00', '0001-01-01 00:00:00', 2);
INSERT INTO public.pos_plushow VALUES (51, 'Original Chicken Katsu', '4329d866a8fcd029fa9f3278fb5066b1.jpg', 'Original Chicken Kat', '2018-09-01 00:00:00', true, '00000000T2-0001', 0, 9, 0, 0, '', 51, 0, 0, 0, '2018-01-01 00:00:00', '2028-01-01 00:00:00', '', 0, 0, false, 1, false, '0001-01-01 00:00:00', '0001-01-01 00:00:00', '0001-01-01 00:00:00', '0001-01-01 00:00:00', '0001-01-01 00:00:00', '0001-01-01 00:00:00', '0001-01-01 00:00:00', '0001-01-01 00:00:00', '0001-01-01 00:00:00', '0001-01-01 00:00:00', '0001-01-01 00:00:00', '0001-01-01 00:00:00', '0001-01-01 00:00:00', '0001-01-01 00:00:00', '0001-01-01 00:00:00', '0001-01-01 00:00:00', 2);
INSERT INTO public.pos_plushow VALUES (52, 'Spicy Chicken Katsu', '5d9be11e145d7b3bb1be6cf2d2f0c6b7.jpg', 'Spicy Chicken Katsu', '2018-09-01 00:00:00', true, '00000000T2-0002', 0, 9, 0, 0, '', 52, 0, 0, 0, '2018-01-01 00:00:00', '2028-01-01 00:00:00', '', 0, 0, false, 1, false, '0001-01-01 01:01:01', '0001-01-01 01:01:01', '0001-01-01 01:01:01', '0001-01-01 01:01:01', '0001-01-01 01:01:01', '0001-01-01 01:01:01', '0001-01-01 01:01:01', '0001-01-01 01:01:01', '0001-01-01 01:01:01', '0001-01-01 01:01:01', '0001-01-01 01:01:01', '0001-01-01 01:01:01', '0001-01-01 01:01:01', '0001-01-01 01:01:01', '0001-01-01 01:01:01', '0001-01-01 01:01:01', 2);
INSERT INTO public.pos_plushow VALUES (4, 'Caramel Milk Tea L', '42fca285d3403e8335124e2664314c8f.jpg', 'Caramel Milk Tea L', '2018-09-01 00:00:00', true, '00000000T1-0004', 0, 1, 0, 0, '', 7, 0, 1, 1, '2018-01-01 00:00:00', '2028-01-01 00:00:00', '', 0, 0, false, 1, false, '0001-01-01 01:01:01', '0001-01-01 01:01:01', '0001-01-01 01:01:01', '0001-01-01 01:01:01', '0001-01-01 01:01:01', '0001-01-01 01:01:01', '0001-01-01 01:01:01', '0001-01-01 01:01:01', '0001-01-01 01:01:01', '0001-01-01 01:01:01', '0001-01-01 01:01:01', '0001-01-01 01:01:01', '0001-01-01 01:01:01', '0001-01-01 01:01:01', '0001-01-01 01:01:01', '0001-01-01 01:01:01', 1);
INSERT INTO public.pos_plushow VALUES (6, 'Chocolate Milk Tea L', 'a4db8fc8f1c38f127451afa57fa5fcdc.jpg', 'Chocolate Milk Tea L', '2018-09-01 00:00:00', true, '00000000T1-0006', 0, 1, 0, 0, '', 9, 0, 1, 1, '2018-01-01 00:00:00', '2028-01-01 00:00:00', '', 0, 0, false, 1, false, '0001-01-01 01:01:01', '0001-01-01 01:01:01', '0001-01-01 01:01:01', '0001-01-01 01:01:01', '0001-01-01 01:01:01', '0001-01-01 01:01:01', '0001-01-01 01:01:01', '0001-01-01 01:01:01', '0001-01-01 01:01:01', '0001-01-01 01:01:01', '0001-01-01 01:01:01', '0001-01-01 01:01:01', '0001-01-01 01:01:01', '0001-01-01 01:01:01', '0001-01-01 01:01:01', '0001-01-01 01:01:01', 1);
INSERT INTO public.pos_plushow VALUES (13, 'Mango Smoothies R', 'e041cde049cf21225c9106e10a4635f9.jpg', 'Mango Smoothies R', '2018-09-01 00:00:00', true, '00000000T1-0017', 0, 2, 0, 0, '', 3, 0, 1, 1, '2018-01-01 00:00:00', '2028-01-01 00:00:00', '', 0, 0, false, 1, false, '0001-01-01 00:00:00', '0001-01-01 00:00:00', '0001-01-01 00:00:00', '0001-01-01 00:00:00', '0001-01-01 00:00:00', '0001-01-01 00:00:00', '0001-01-01 00:00:00', '0001-01-01 00:00:00', '0001-01-01 00:00:00', '0001-01-01 00:00:00', '0001-01-01 00:00:00', '0001-01-01 00:00:00', '0001-01-01 00:00:00', '0001-01-01 00:00:00', '0001-01-01 00:00:00', '0001-01-01 00:00:00', 1);
INSERT INTO public.pos_plushow VALUES (7, 'Oolong Milk Tea R', '3b6e9f0233a96fcbdfef3584445aab13.jpg', 'Oolong Milk Tea R', '2018-09-01 00:00:00', true, '00000000T1-0007', 0, 1, 0, 0, '', 10, 0, 1, 1, '2018-01-01 00:00:00', '2028-01-01 00:00:00', '', 0, 0, false, 1, false, '0001-01-01 01:01:01', '0001-01-01 01:01:01', '0001-01-01 01:01:01', '0001-01-01 01:01:01', '0001-01-01 01:01:01', '0001-01-01 01:01:01', '0001-01-01 01:01:01', '0001-01-01 01:01:01', '0001-01-01 01:01:01', '0001-01-01 01:01:01', '0001-01-01 01:01:01', '0001-01-01 01:01:01', '0001-01-01 01:01:01', '0001-01-01 01:01:01', '0001-01-01 01:01:01', '0001-01-01 01:01:01', 1);
INSERT INTO public.pos_plushow VALUES (8, 'Oolong Milk Tea L', '28c492360ca273345df57de1ec0fb921.jpg', 'Oolong Milk Tea L', '2018-09-01 00:00:00', true, '00000000T1-0008', 0, 1, 0, 0, '', 11, 0, 1, 1, '2018-01-01 00:00:00', '2028-01-01 00:00:00', '', 0, 0, false, 1, false, '0001-01-01 01:01:01', '0001-01-01 01:01:01', '0001-01-01 01:01:01', '0001-01-01 01:01:01', '0001-01-01 01:01:01', '0001-01-01 01:01:01', '0001-01-01 01:01:01', '0001-01-01 01:01:01', '0001-01-01 01:01:01', '0001-01-01 01:01:01', '0001-01-01 01:01:01', '0001-01-01 01:01:01', '0001-01-01 01:01:01', '0001-01-01 01:01:01', '0001-01-01 01:01:01', '0001-01-01 01:01:01', 1);
INSERT INTO public.pos_plushow VALUES (14, 'Mango Smoothies L', '20bd13401545fccbda9e5578a687575d.jpg', 'Mango Smoothies L', '2018-09-01 00:00:00', true, '00000000T1-0018', 0, 2, 0, 0, '', 4, 0, 1, 1, '2018-01-01 00:00:00', '2028-01-01 00:00:00', '', 0, 0, false, 1, false, '0001-01-01 00:00:00', '0001-01-01 00:00:00', '0001-01-01 00:00:00', '0001-01-01 00:00:00', '0001-01-01 00:00:00', '0001-01-01 00:00:00', '0001-01-01 00:00:00', '0001-01-01 00:00:00', '0001-01-01 00:00:00', '0001-01-01 00:00:00', '0001-01-01 00:00:00', '0001-01-01 00:00:00', '0001-01-01 00:00:00', '0001-01-01 00:00:00', '0001-01-01 00:00:00', '0001-01-01 00:00:00', 1);
INSERT INTO public.pos_plushow VALUES (16, 'Taro Smoothies L', 'ad56acc3d947c1c1ded8e0ae81407562.jpg', 'Taro Smoothies L', '2018-09-01 00:00:00', true, '00000000T1-0020', 0, 2, 0, 0, '', 6, 0, 1, 1, '2018-01-01 00:00:00', '2028-01-01 00:00:00', '', 0, 0, false, 1, false, '0001-01-01 00:00:00', '0001-01-01 00:00:00', '0001-01-01 00:00:00', '0001-01-01 00:00:00', '0001-01-01 00:00:00', '0001-01-01 00:00:00', '0001-01-01 00:00:00', '0001-01-01 00:00:00', '0001-01-01 00:00:00', '0001-01-01 00:00:00', '0001-01-01 00:00:00', '0001-01-01 00:00:00', '0001-01-01 00:00:00', '0001-01-01 00:00:00', '0001-01-01 00:00:00', '0001-01-01 00:00:00', 1);
INSERT INTO public.pos_plushow VALUES (41, 'No Sugar', 'default2.jpg', 'No Sugar', '2018-09-01 00:00:00', true, '00000000T1-0045', 0, 0, NULL, NULL, NULL, 41, NULL, 1, 1, '2018-01-01 00:00:00', '2028-01-01 00:00:00', NULL, 0, 0, false, 1, false, '2020-01-01 00:00:00', '2020-01-01 00:00:00', '2020-01-01 00:00:00', '2020-01-01 00:00:00', '2020-01-01 00:00:00', '2020-01-01 00:00:00', '2020-01-01 00:00:00', '2020-01-01 00:00:00', '2020-01-01 00:00:00', '2020-01-01 00:00:00', '2020-01-01 00:00:00', '2020-01-01 00:00:00', '2020-01-01 00:00:00', '2020-01-01 00:00:00', '2020-01-01 00:00:00', '2020-01-01 00:00:00', 1);
INSERT INTO public.pos_plushow VALUES (25, 'Jasmine Macchiato R', '02473c7e7e09442498b5d3927d81b42c.jpg', 'Jasmine Macchiato R', '2018-09-01 00:00:00', true, '00000000T1-0029', 0, 4, 0, 0, '', 1, 0, 1, 1, '2018-01-01 00:00:00', '2028-01-01 00:00:00', '', 0, 0, false, 1, false, '0001-01-01 00:00:00', '0001-01-01 00:00:00', '0001-01-01 00:00:00', '0001-01-01 00:00:00', '0001-01-01 00:00:00', '0001-01-01 00:00:00', '0001-01-01 00:00:00', '0001-01-01 00:00:00', '0001-01-01 00:00:00', '0001-01-01 00:00:00', '0001-01-01 00:00:00', '0001-01-01 00:00:00', '0001-01-01 00:00:00', '0001-01-01 00:00:00', '0001-01-01 00:00:00', '0001-01-01 00:00:00', 1);
INSERT INTO public.pos_plushow VALUES (20, 'Yoghurt Black Tea L', 'f55bd43a1bc13834508fa57b362ff272.jpg', 'Yoghurt Black Tea L', '2018-09-01 00:00:00', true, '00000000T1-0024', 0, 3, 0, 0, '', 2, 0, 1, 1, '2018-01-01 00:00:00', '2028-01-01 00:00:00', '', 0, 0, false, 1, false, '0001-01-01 00:00:00', '0001-01-01 00:00:00', '0001-01-01 00:00:00', '0001-01-01 00:00:00', '0001-01-01 00:00:00', '0001-01-01 00:00:00', '0001-01-01 00:00:00', '0001-01-01 00:00:00', '0001-01-01 00:00:00', '0001-01-01 00:00:00', '0001-01-01 00:00:00', '0001-01-01 00:00:00', '0001-01-01 00:00:00', '0001-01-01 00:00:00', '0001-01-01 00:00:00', '0001-01-01 00:00:00', 1);
INSERT INTO public.pos_plushow VALUES (33, 'Chocolate Pudding', '634b1e0a0f74a59b5285949367d8efb0.jpg', 'Chocolate Pudding', '2018-09-01 00:00:00', true, '00000000T1-0037', 0, 5, 0, 0, '', 1, 0, 1, 1, '2018-01-01 00:00:00', '2028-01-01 00:00:00', '', 0, 0, false, 1, false, '0001-01-01 00:00:00', '0001-01-01 00:00:00', '0001-01-01 00:00:00', '0001-01-01 00:00:00', '0001-01-01 00:00:00', '0001-01-01 00:00:00', '0001-01-01 00:00:00', '0001-01-01 00:00:00', '0001-01-01 00:00:00', '0001-01-01 00:00:00', '0001-01-01 00:00:00', '0001-01-01 00:00:00', '0001-01-01 00:00:00', '0001-01-01 00:00:00', '0001-01-01 00:00:00', '0001-01-01 00:00:00', 1);
INSERT INTO public.pos_plushow VALUES (35, 'Aloevera', '9f3e7dbce95346b477307386de80224d.jpg', 'Aloevera', '2018-09-01 00:00:00', true, '00000000T1-0039', 0, 5, 0, 0, '', 3, 0, 1, 1, '2018-01-01 00:00:00', '2028-01-01 00:00:00', '', 0, 0, false, 1, false, '0001-01-01 00:00:00', '0001-01-01 00:00:00', '0001-01-01 00:00:00', '0001-01-01 00:00:00', '0001-01-01 00:00:00', '0001-01-01 00:00:00', '0001-01-01 00:00:00', '0001-01-01 00:00:00', '0001-01-01 00:00:00', '0001-01-01 00:00:00', '0001-01-01 00:00:00', '0001-01-01 00:00:00', '0001-01-01 00:00:00', '0001-01-01 00:00:00', '0001-01-01 00:00:00', '0001-01-01 00:00:00', 1);
INSERT INTO public.pos_plushow VALUES (36, 'Red Bean', '28ef62187497cf74c979349463be0a75.jpg', 'Red Bean', '2018-09-01 00:00:00', true, '00000000T1-0040', 0, 5, 0, 0, '', 4, 0, 1, 1, '2018-01-01 00:00:00', '2028-01-01 00:00:00', '', 0, 0, false, 1, false, '0001-01-01 00:00:00', '0001-01-01 00:00:00', '0001-01-01 00:00:00', '0001-01-01 00:00:00', '0001-01-01 00:00:00', '0001-01-01 00:00:00', '0001-01-01 00:00:00', '0001-01-01 00:00:00', '0001-01-01 00:00:00', '0001-01-01 00:00:00', '0001-01-01 00:00:00', '0001-01-01 00:00:00', '0001-01-01 00:00:00', '0001-01-01 00:00:00', '0001-01-01 00:00:00', '0001-01-01 00:00:00', 1);
INSERT INTO public.pos_plushow VALUES (37, 'Mango Pop', '508eed57d1e68773a2f4e03c48d2226c.jpg', 'Mango Pop', '2018-09-01 00:00:00', true, '00000000T1-0041', 0, 5, 0, 0, '', 5, 0, 1, 1, '2018-01-01 00:00:00', '2028-01-01 00:00:00', '', 0, 0, false, 1, false, '0001-01-01 00:00:00', '0001-01-01 00:00:00', '0001-01-01 00:00:00', '0001-01-01 00:00:00', '0001-01-01 00:00:00', '0001-01-01 00:00:00', '0001-01-01 00:00:00', '0001-01-01 00:00:00', '0001-01-01 00:00:00', '0001-01-01 00:00:00', '0001-01-01 00:00:00', '0001-01-01 00:00:00', '0001-01-01 00:00:00', '0001-01-01 00:00:00', '0001-01-01 00:00:00', '0001-01-01 00:00:00', 1);
INSERT INTO public.pos_plushow VALUES (29, 'Mango Macchiato R', '69d93f6101374531a7bc12f1137827f6.jpg', 'Mango Macchiato R', '2018-09-01 00:00:00', true, '00000000T1-0033', 0, 4, 0, 0, '', 5, 0, 1, 1, '2018-01-01 00:00:00', '2028-01-01 00:00:00', '', 0, 0, false, 1, false, '0001-01-01 00:00:00', '0001-01-01 00:00:00', '0001-01-01 00:00:00', '0001-01-01 00:00:00', '0001-01-01 00:00:00', '0001-01-01 00:00:00', '0001-01-01 00:00:00', '0001-01-01 00:00:00', '0001-01-01 00:00:00', '0001-01-01 00:00:00', '0001-01-01 00:00:00', '0001-01-01 00:00:00', '0001-01-01 00:00:00', '0001-01-01 00:00:00', '0001-01-01 00:00:00', '0001-01-01 00:00:00', 1);
INSERT INTO public.pos_plushow VALUES (31, 'Coffee Macchiato R', '793ad0872599bc60d658d04d41c614f8.jpg', 'Coffee Macchiato R', '2018-09-01 00:00:00', true, '00000000T1-0035', 0, 4, 0, 0, '', 7, 0, 1, 1, '2018-01-01 00:00:00', '2028-01-01 00:00:00', '', 0, 0, false, 1, false, '0001-01-01 00:00:00', '0001-01-01 00:00:00', '0001-01-01 00:00:00', '0001-01-01 00:00:00', '0001-01-01 00:00:00', '0001-01-01 00:00:00', '0001-01-01 00:00:00', '0001-01-01 00:00:00', '0001-01-01 00:00:00', '0001-01-01 00:00:00', '0001-01-01 00:00:00', '0001-01-01 00:00:00', '0001-01-01 00:00:00', '0001-01-01 00:00:00', '0001-01-01 00:00:00', '0001-01-01 00:00:00', 1);
INSERT INTO public.pos_plushow VALUES (78, 'Es Lychee Tea', 'f005a31b1b77c6bc34cfac213228775e.jpg', 'Es Lychee Tea', '2018-09-01 00:00:00', true, '00000000T2-0028', 0, 7, 0, 0, '', 1, 0, 0, 0, '2018-01-01 00:00:00', '2028-01-01 00:00:00', '', 0, 0, false, 1, false, '0001-01-01 00:00:00', '0001-01-01 00:00:00', '0001-01-01 00:00:00', '0001-01-01 00:00:00', '0001-01-01 00:00:00', '0001-01-01 00:00:00', '0001-01-01 00:00:00', '0001-01-01 00:00:00', '0001-01-01 00:00:00', '0001-01-01 00:00:00', '0001-01-01 00:00:00', '0001-01-01 00:00:00', '0001-01-01 00:00:00', '0001-01-01 00:00:00', '0001-01-01 00:00:00', '0001-01-01 00:00:00', 2);
INSERT INTO public.pos_plushow VALUES (2, 'Avocado Milk Tea L', 'ff52604f45c3933d2993ef6f03fba46b.jpg', 'Avocado Milk Tea L', '2018-09-01 00:00:00', true, '00000000T1-0002', 0, 1, 0, 0, '', 4, 0, 1, 1, '2018-01-01 00:00:00', '2028-01-01 00:00:00', '', 0, 0, false, 1, false, '0001-01-01 01:01:01', '0001-01-01 01:01:01', '0001-01-01 01:01:01', '0001-01-01 01:01:01', '0001-01-01 01:01:01', '0001-01-01 01:01:01', '0001-01-01 01:01:01', '0001-01-01 01:01:01', '0001-01-01 01:01:01', '0001-01-01 01:01:01', '0001-01-01 01:01:01', '0001-01-01 01:01:01', '0001-01-01 01:01:01', '0001-01-01 01:01:01', '0001-01-01 01:01:01', '0001-01-01 01:01:01', 1);
INSERT INTO public.pos_plushow VALUES (64, 'Chicken Egg Roll', 'bb54192ce952aa177ad888b3f53601cb.jpg', 'Chicken Egg Roll 3pcs', '2018-09-01 00:00:00', true, '00000000T2-0014', 0, 8, 0, 0, '', 1, 0, 0, 0, '2018-01-01 00:00:00', '2028-01-01 00:00:00', '', 0, 0, false, 1, false, '0001-01-01 00:00:00', '0001-01-01 00:00:00', '0001-01-01 00:00:00', '0001-01-01 00:00:00', '0001-01-01 00:00:00', '0001-01-01 00:00:00', '0001-01-01 00:00:00', '0001-01-01 00:00:00', '0001-01-01 00:00:00', '0001-01-01 00:00:00', '0001-01-01 00:00:00', '0001-01-01 00:00:00', '0001-01-01 00:00:00', '0001-01-01 00:00:00', '0001-01-01 00:00:00', '0001-01-01 00:00:00', 2);
INSERT INTO public.pos_plushow VALUES (9, 'Honey Milk Tea R', '8b6decf62b0b19fa415ff8694207ba7e.jpg', 'Honey Milk Tea R', '2018-09-01 00:00:00', true, '00000000T1-0011', 0, 1, 0, 0, '', 12, 0, 1, 1, '2018-01-01 00:00:00', '2028-01-01 00:00:00', '', 0, 0, false, 1, false, '0001-01-01 01:01:01', '0001-01-01 01:01:01', '0001-01-01 01:01:01', '0001-01-01 01:01:01', '0001-01-01 01:01:01', '0001-01-01 01:01:01', '0001-01-01 01:01:01', '0001-01-01 01:01:01', '0001-01-01 01:01:01', '0001-01-01 01:01:01', '0001-01-01 01:01:01', '0001-01-01 01:01:01', '0001-01-01 01:01:01', '0001-01-01 01:01:01', '0001-01-01 01:01:01', '0001-01-01 01:01:01', 1);
INSERT INTO public.pos_plushow VALUES (3, 'Caramel Milk Tea R', '2fcce2bdda663947a35b8d7eda03efd9.jpg', 'Caramel Milk Tea R', '2018-09-01 00:00:00', true, '00000000T1-0003', 0, 1, 0, 0, '', 6, 0, 1, 1, '2018-01-01 00:00:00', '2028-01-01 00:00:00', '', 0, 0, false, 1, false, '0001-01-01 01:01:01', '0001-01-01 01:01:01', '0001-01-01 01:01:01', '0001-01-01 01:01:01', '0001-01-01 01:01:01', '0001-01-01 01:01:01', '0001-01-01 01:01:01', '0001-01-01 01:01:01', '0001-01-01 01:01:01', '0001-01-01 01:01:01', '0001-01-01 01:01:01', '0001-01-01 01:01:01', '0001-01-01 01:01:01', '0001-01-01 01:01:01', '0001-01-01 01:01:01', '0001-01-01 01:01:01', 1);
INSERT INTO public.pos_plushow VALUES (26, 'Jasmine Macchiato L', '2e35d4849001564ee6bb8046b0f76511.jpg', 'Jasmine Macchiato L', '2018-09-01 00:00:00', true, '00000000T1-0030', 0, 4, 0, 0, '', 2, 0, 1, 1, '2018-01-01 00:00:00', '2028-01-01 00:00:00', '', 0, 0, false, 1, false, '0001-01-01 00:00:00', '0001-01-01 00:00:00', '0001-01-01 00:00:00', '0001-01-01 00:00:00', '0001-01-01 00:00:00', '0001-01-01 00:00:00', '0001-01-01 00:00:00', '0001-01-01 00:00:00', '0001-01-01 00:00:00', '0001-01-01 00:00:00', '0001-01-01 00:00:00', '0001-01-01 00:00:00', '0001-01-01 00:00:00', '0001-01-01 00:00:00', '0001-01-01 00:00:00', '0001-01-01 00:00:00', 1);
INSERT INTO public.pos_plushow VALUES (5, 'Chocolate Milk Tea R', '3a611af339dee224625def27ea41830a.jpg', 'Chocolate Milk Tea R', '2018-09-01 00:00:00', true, '00000000T1-0005', 0, 1, 0, 0, '', 8, 0, 1, 1, '2018-01-01 00:00:00', '2028-01-01 00:00:00', '', 0, 0, false, 1, false, '0001-01-01 00:00:00', '0001-01-01 00:00:00', '0001-01-01 00:00:00', '0001-01-01 00:00:00', '0001-01-01 00:00:00', '0001-01-01 00:00:00', '0001-01-01 00:00:00', '0001-01-01 00:00:00', '0001-01-01 00:00:00', '0001-01-01 00:00:00', '0001-01-01 00:00:00', '0001-01-01 00:00:00', '0001-01-01 00:00:00', '0001-01-01 00:00:00', '0001-01-01 00:00:00', '0001-01-01 00:00:00', 1);
INSERT INTO public.pos_plushow VALUES (10, 'Honey Milk Tea L', '86c60d7f9aadc143f3f80555de6bcaee.jpg', 'Honey Milk Tea L', '2018-09-01 00:00:00', true, '00000000T1-0012', 0, 1, 0, 0, '', 13, 0, 1, 1, '2018-01-01 00:00:00', '2028-01-01 00:00:00', '', 0, 0, false, 1, false, '0001-01-01 01:01:01', '0001-01-01 01:01:01', '0001-01-01 01:01:01', '0001-01-01 01:01:01', '0001-01-01 01:01:01', '0001-01-01 01:01:01', '0001-01-01 01:01:01', '0001-01-01 01:01:01', '0001-01-01 01:01:01', '0001-01-01 01:01:01', '0001-01-01 01:01:01', '0001-01-01 01:01:01', '0001-01-01 01:01:01', '0001-01-01 01:01:01', '0001-01-01 01:01:01', '0001-01-01 01:01:01', 1);
INSERT INTO public.pos_plushow VALUES (17, 'Orange Smoothies R', '70b0eac1044d4a5e3ab5aabc7944a873.jpg', 'Orange Smoothies R', '2018-09-01 00:00:00', true, '00000000T1-0021', 0, 2, 0, 0, '', 7, 0, 1, 1, '2018-01-01 00:00:00', '2028-01-01 00:00:00', '', 0, 0, false, 1, false, '0001-01-01 00:00:00', '0001-01-01 00:00:00', '0001-01-01 00:00:00', '0001-01-01 00:00:00', '0001-01-01 00:00:00', '0001-01-01 00:00:00', '0001-01-01 00:00:00', '0001-01-01 00:00:00', '0001-01-01 00:00:00', '0001-01-01 00:00:00', '0001-01-01 00:00:00', '0001-01-01 00:00:00', '0001-01-01 00:00:00', '0001-01-01 00:00:00', '0001-01-01 00:00:00', '0001-01-01 00:00:00', 1);
INSERT INTO public.pos_plushow VALUES (18, 'Orange Smoothies L', '8e26bbe1646c273ee536781454709651.jpg', 'Orange Smoothies L', '2018-09-01 00:00:00', true, '00000000T1-0022', 0, 2, 0, 0, '', 8, 0, 1, 1, '2018-01-01 00:00:00', '2028-01-01 00:00:00', '', 0, 0, false, 1, false, '0001-01-01 00:00:00', '0001-01-01 00:00:00', '0001-01-01 00:00:00', '0001-01-01 00:00:00', '0001-01-01 00:00:00', '0001-01-01 00:00:00', '0001-01-01 00:00:00', '0001-01-01 00:00:00', '0001-01-01 00:00:00', '0001-01-01 00:00:00', '0001-01-01 00:00:00', '0001-01-01 00:00:00', '0001-01-01 00:00:00', '0001-01-01 00:00:00', '0001-01-01 00:00:00', '0001-01-01 00:00:00', 1);
INSERT INTO public.pos_plushow VALUES (21, 'Yoghurt GreenTea R', '5ce44d2e13633f0d5a2d955d6c39c456.jpg', 'Yoghurt GreenTea R', '2018-09-01 00:00:00', true, '00000000T1-0025', 0, 3, 0, 0, '', 3, 0, 1, 1, '2018-01-01 00:00:00', '2028-01-01 00:00:00', '', 0, 0, false, 1, false, '0001-01-01 00:00:00', '0001-01-01 00:00:00', '0001-01-01 00:00:00', '0001-01-01 00:00:00', '0001-01-01 00:00:00', '0001-01-01 00:00:00', '0001-01-01 00:00:00', '0001-01-01 00:00:00', '0001-01-01 00:00:00', '0001-01-01 00:00:00', '0001-01-01 00:00:00', '0001-01-01 00:00:00', '0001-01-01 00:00:00', '0001-01-01 00:00:00', '0001-01-01 00:00:00', '0001-01-01 00:00:00', 1);
INSERT INTO public.pos_plushow VALUES (22, 'Yoghurt GreenTea L', 'c8f0993f1ccda2fb89936b2b37a4cdd3.jpg', 'Yoghurt GreenTea L', '2018-09-01 00:00:00', true, '00000000T1-0026', 0, 3, 0, 0, '', 4, 0, 1, 1, '2018-01-01 00:00:00', '2028-01-01 00:00:00', '', 0, 0, false, 1, false, '0001-01-01 00:00:00', '0001-01-01 00:00:00', '0001-01-01 00:00:00', '0001-01-01 00:00:00', '0001-01-01 00:00:00', '0001-01-01 00:00:00', '0001-01-01 00:00:00', '0001-01-01 00:00:00', '0001-01-01 00:00:00', '0001-01-01 00:00:00', '0001-01-01 00:00:00', '0001-01-01 00:00:00', '0001-01-01 00:00:00', '0001-01-01 00:00:00', '0001-01-01 00:00:00', '0001-01-01 00:00:00', 1);
INSERT INTO public.pos_plushow VALUES (23, 'Yoghurt Oolong Tea R', '3227cf6a2818760764bc1515a0ccd004.jpg', 'Yoghurt Oolong Tea R', '2018-09-01 00:00:00', true, '00000000T1-0027', 0, 3, 0, 0, '', 5, 0, 1, 1, '2018-01-01 00:00:00', '2028-01-01 00:00:00', '', 0, 0, false, 1, false, '0001-01-01 00:00:00', '0001-01-01 00:00:00', '0001-01-01 00:00:00', '0001-01-01 00:00:00', '0001-01-01 00:00:00', '0001-01-01 00:00:00', '0001-01-01 00:00:00', '0001-01-01 00:00:00', '0001-01-01 00:00:00', '0001-01-01 00:00:00', '0001-01-01 00:00:00', '0001-01-01 00:00:00', '0001-01-01 00:00:00', '0001-01-01 00:00:00', '0001-01-01 00:00:00', '0001-01-01 00:00:00', 1);
INSERT INTO public.pos_plushow VALUES (44, '0 % Sugar', 'default2.jpg', '0 % Sugar', '2018-09-01 00:00:00', true, '0000000T01-0046', 0, 0, NULL, NULL, NULL, 44, NULL, 1, 1, '2018-01-01 00:00:00', '2028-01-01 00:00:00', NULL, 0, 0, false, 1, false, '2020-01-01 00:00:00', '2020-01-01 00:00:00', '2020-01-01 00:00:00', '2020-01-01 00:00:00', '2020-01-01 00:00:00', '2020-01-01 00:00:00', '2020-01-01 00:00:00', '2020-01-01 00:00:00', '2020-01-01 00:00:00', '2020-01-01 00:00:00', '2020-01-01 00:00:00', '2020-01-01 00:00:00', '2020-01-01 00:00:00', '2020-01-01 00:00:00', '2020-01-01 00:00:00', '2020-01-01 00:00:00', 1);
INSERT INTO public.pos_plushow VALUES (34, 'Grass Jelly', '3707d27cb355fccd8bf3348df1c4f9a4.jpg', 'Grass Jelly', '2018-09-01 00:00:00', true, '00000000T1-0038', 0, 5, 0, 0, '', 2, 0, 1, 1, '2018-01-01 00:00:00', '2028-01-01 00:00:00', '', 0, 0, false, 1, false, '0001-01-01 00:00:00', '0001-01-01 00:00:00', '0001-01-01 00:00:00', '0001-01-01 00:00:00', '0001-01-01 00:00:00', '0001-01-01 00:00:00', '0001-01-01 00:00:00', '0001-01-01 00:00:00', '0001-01-01 00:00:00', '0001-01-01 00:00:00', '0001-01-01 00:00:00', '0001-01-01 00:00:00', '0001-01-01 00:00:00', '0001-01-01 00:00:00', '0001-01-01 00:00:00', '0001-01-01 00:00:00', 1);
INSERT INTO public.pos_plushow VALUES (24, 'Yoghurt Oolong Tea L', 'e80f1f88a9b0cad9cbf9fd7f49f829dc.jpg', 'Yoghurt Oolong Tea L', '2018-09-01 00:00:00', true, '00000000T1-0028', 0, 3, 0, 0, '', 6, 0, 1, 1, '2018-01-01 00:00:00', '2028-01-01 00:00:00', '', 0, 0, false, 1, false, '0001-01-01 00:00:00', '0001-01-01 00:00:00', '0001-01-01 00:00:00', '0001-01-01 00:00:00', '0001-01-01 00:00:00', '0001-01-01 00:00:00', '0001-01-01 00:00:00', '0001-01-01 00:00:00', '0001-01-01 00:00:00', '0001-01-01 00:00:00', '0001-01-01 00:00:00', '0001-01-01 00:00:00', '0001-01-01 00:00:00', '0001-01-01 00:00:00', '0001-01-01 00:00:00', '0001-01-01 00:00:00', 1);
INSERT INTO public.pos_plushow VALUES (27, 'Roasted Macchiato R', 'a4a6a46e96f18c3fb022b4c15c207ade.jpg', 'Roasted Macchiato R', '2018-09-01 00:00:00', true, '00000000T1-0031', 0, 4, 0, 0, '', 3, 0, 1, 1, '2018-01-01 00:00:00', '2028-01-01 00:00:00', '', 0, 0, false, 1, false, '0001-01-01 00:00:00', '0001-01-01 00:00:00', '0001-01-01 00:00:00', '0001-01-01 00:00:00', '0001-01-01 00:00:00', '0001-01-01 00:00:00', '0001-01-01 00:00:00', '0001-01-01 00:00:00', '0001-01-01 00:00:00', '0001-01-01 00:00:00', '0001-01-01 00:00:00', '0001-01-01 00:00:00', '0001-01-01 00:00:00', '0001-01-01 00:00:00', '0001-01-01 00:00:00', '0001-01-01 00:00:00', 1);
INSERT INTO public.pos_plushow VALUES (28, 'Roasted Macchiato L', 'c0050bf5b666b44ace7aeeceeb76ea3e.jpg', 'Roasted Macchiato L', '2018-09-01 00:00:00', true, '00000000T1-0032', 0, 4, 0, 0, '', 4, 0, 1, 1, '2018-01-01 00:00:00', '2028-01-01 00:00:00', '', 0, 0, false, 1, false, '0001-01-01 00:00:00', '0001-01-01 00:00:00', '0001-01-01 00:00:00', '0001-01-01 00:00:00', '0001-01-01 00:00:00', '0001-01-01 00:00:00', '0001-01-01 00:00:00', '0001-01-01 00:00:00', '0001-01-01 00:00:00', '0001-01-01 00:00:00', '0001-01-01 00:00:00', '0001-01-01 00:00:00', '0001-01-01 00:00:00', '0001-01-01 00:00:00', '0001-01-01 00:00:00', '0001-01-01 00:00:00', 1);
INSERT INTO public.pos_plushow VALUES (32, 'Coffee Macchiato L', 'f3fbc67803ad58e0cbe400b807d20e2d.jpg', 'Coffee Macchiato L', '2018-09-01 00:00:00', true, '00000000T1-0036', 0, 4, 0, 0, '', 8, 0, 1, 1, '2018-01-01 00:00:00', '2028-01-01 00:00:00', '', 0, 0, false, 1, false, '0001-01-01 00:00:00', '0001-01-01 00:00:00', '0001-01-01 00:00:00', '0001-01-01 00:00:00', '0001-01-01 00:00:00', '0001-01-01 00:00:00', '0001-01-01 00:00:00', '0001-01-01 00:00:00', '0001-01-01 00:00:00', '0001-01-01 00:00:00', '0001-01-01 00:00:00', '0001-01-01 00:00:00', '0001-01-01 00:00:00', '0001-01-01 00:00:00', '0001-01-01 00:00:00', '0001-01-01 00:00:00', 1);
INSERT INTO public.pos_plushow VALUES (38, 'Lychee Pop', '16c2343924f83258e1cf0858f0723318.jpg', 'Lychee Pop', '2018-09-01 00:00:00', true, '00000000T1-0042', 0, 5, 0, 0, '', 6, 0, 1, 1, '2018-01-01 00:00:00', '2028-01-01 00:00:00', '', 0, 0, false, 1, false, '0001-01-01 01:01:01', '0001-01-01 01:01:01', '0001-01-01 01:01:01', '0001-01-01 01:01:01', '0001-01-01 01:01:01', '0001-01-01 01:01:01', '0001-01-01 01:01:01', '0001-01-01 01:01:01', '0001-01-01 01:01:01', '0001-01-01 01:01:01', '0001-01-01 01:01:01', '0001-01-01 01:01:01', '0001-01-01 01:01:01', '0001-01-01 01:01:01', '0001-01-01 01:01:01', '0001-01-01 01:01:01', 1);
INSERT INTO public.pos_plushow VALUES (40, 'Ice Cream Vanilla', '8bc8276a72f28f9fe826e5a3e43de092.JPG', 'Ice Cream Vanilla', '2018-09-01 00:00:00', true, '00000000T1-0044', 0, 5, 0, 0, '', 8, 0, 1, 1, '2018-01-01 00:00:00', '2028-01-01 00:00:00', '', 0, 0, false, 1, false, '0001-01-01 00:00:00', '0001-01-01 00:00:00', '0001-01-01 00:00:00', '0001-01-01 00:00:00', '0001-01-01 00:00:00', '0001-01-01 00:00:00', '0001-01-01 00:00:00', '0001-01-01 00:00:00', '0001-01-01 00:00:00', '0001-01-01 00:00:00', '0001-01-01 00:00:00', '0001-01-01 00:00:00', '0001-01-01 00:00:00', '0001-01-01 00:00:00', '0001-01-01 00:00:00', '0001-01-01 00:00:00', 1);
INSERT INTO public.pos_plushow VALUES (19, 'Yoghurt Black Tea R', '9863019f5bec78a1d07f543cb78b2898.jpg', 'Yoghurt Black Tea R', '2018-09-01 00:00:00', true, '00000000T1-0023', 0, 3, 0, 0, '', 1, 0, 1, 1, '2018-01-01 00:00:00', '2028-01-01 00:00:00', '', 0, 0, false, 1, false, '0001-01-01 00:00:00', '0001-01-01 00:00:00', '0001-01-01 00:00:00', '0001-01-01 00:00:00', '0001-01-01 00:00:00', '0001-01-01 00:00:00', '0001-01-01 00:00:00', '0001-01-01 00:00:00', '0001-01-01 00:00:00', '0001-01-01 00:00:00', '0001-01-01 00:00:00', '0001-01-01 00:00:00', '0001-01-01 00:00:00', '0001-01-01 00:00:00', '0001-01-01 00:00:00', '0001-01-01 00:00:00', 1);
INSERT INTO public.pos_plushow VALUES (39, 'Snow Bubble', '12c7b1bcafe5971bac7ca1f4df00201b.jpg', 'Snow Bubble', '2018-09-01 00:00:00', true, '00000000T1-0043', 0, 5, 0, 0, '', 7, 0, 1, 1, '2018-01-01 00:00:00', '2028-01-01 00:00:00', '', 0, 0, false, 1, false, '0001-01-01 00:00:00', '0001-01-01 00:00:00', '0001-01-01 00:00:00', '0001-01-01 00:00:00', '0001-01-01 00:00:00', '0001-01-01 00:00:00', '0001-01-01 00:00:00', '0001-01-01 00:00:00', '0001-01-01 00:00:00', '0001-01-01 00:00:00', '0001-01-01 00:00:00', '0001-01-01 00:00:00', '0001-01-01 00:00:00', '0001-01-01 00:00:00', '0001-01-01 00:00:00', '0001-01-01 00:00:00', 1);
INSERT INTO public.pos_plushow VALUES (70, 'Ebi Furai', 'ba7328f38dbd3f8ee45c40d86e303239.jpg', 'Ebi Furai.', '2018-09-01 00:00:00', true, '00000000T2-0020', 0, 7, 0, 0, '', 1, 0, 0, 0, '2018-01-01 00:00:00', '2028-01-01 00:00:00', '', 0, 0, false, 1, false, '0001-01-01 00:00:00', '0001-01-01 00:00:00', '0001-01-01 00:00:00', '0001-01-01 00:00:00', '0001-01-01 00:00:00', '0001-01-01 00:00:00', '0001-01-01 00:00:00', '0001-01-01 00:00:00', '0001-01-01 00:00:00', '0001-01-01 00:00:00', '0001-01-01 00:00:00', '0001-01-01 00:00:00', '0001-01-01 00:00:00', '0001-01-01 00:00:00', '0001-01-01 00:00:00', '0001-01-01 00:00:00', 2);
INSERT INTO public.pos_plushow VALUES (80, 'Le Mineral', '0ad6d19c4f6d9365ac4ed88160ace65f.jpg', 'Le Mineral', '2018-09-01 00:00:00', true, '00000000T2-0030', 0, 7, 0, 0, '', 1, 0, 0, 0, '2018-01-01 00:00:00', '2028-01-01 00:00:00', '', 0, 0, false, 1, false, '0001-01-01 00:00:00', '0001-01-01 00:00:00', '0001-01-01 00:00:00', '0001-01-01 00:00:00', '0001-01-01 00:00:00', '0001-01-01 00:00:00', '0001-01-01 00:00:00', '0001-01-01 00:00:00', '0001-01-01 00:00:00', '0001-01-01 00:00:00', '0001-01-01 00:00:00', '0001-01-01 00:00:00', '0001-01-01 00:00:00', '0001-01-01 00:00:00', '0001-01-01 00:00:00', '0001-01-01 00:00:00', 2);
INSERT INTO public.pos_plushow VALUES (81, 'Teh  Pucuk', '861bb962d141be2f888e90231404fb53.jpg', 'Teh  Pucuk', '2018-09-01 00:00:00', true, '00000000T2-0031', 0, 7, 0, 0, '', 1, 0, 0, 0, '2018-01-01 00:00:00', '2028-01-01 00:00:00', '', 0, 0, false, 1, false, '0001-01-01 00:00:00', '0001-01-01 00:00:00', '0001-01-01 00:00:00', '0001-01-01 00:00:00', '0001-01-01 00:00:00', '0001-01-01 00:00:00', '0001-01-01 00:00:00', '0001-01-01 00:00:00', '0001-01-01 00:00:00', '0001-01-01 00:00:00', '0001-01-01 00:00:00', '0001-01-01 00:00:00', '0001-01-01 00:00:00', '0001-01-01 00:00:00', '0001-01-01 00:00:00', '0001-01-01 00:00:00', 2);
INSERT INTO public.pos_plushow VALUES (75, 'Orange Honey Soda', '75972d218b312b0b42d89e2cb6071c47.jpg', 'Orange Honey Soda', '2018-09-01 00:00:00', true, '00000000T2-0025', 0, 7, 0, 0, '', 1, 0, 0, 0, '2018-01-01 00:00:00', '2028-01-01 00:00:00', '', 0, 0, false, 1, false, '0001-01-01 00:00:00', '0001-01-01 00:00:00', '0001-01-01 00:00:00', '0001-01-01 00:00:00', '0001-01-01 00:00:00', '0001-01-01 00:00:00', '0001-01-01 00:00:00', '0001-01-01 00:00:00', '0001-01-01 00:00:00', '0001-01-01 00:00:00', '0001-01-01 00:00:00', '0001-01-01 00:00:00', '0001-01-01 00:00:00', '0001-01-01 00:00:00', '0001-01-01 00:00:00', '0001-01-01 00:00:00', 2);
INSERT INTO public.pos_plushow VALUES (77, 'Hot  Ocha', '6e751a674e8f02689c9256bd84cd0076.jpg', 'Hot  Ocha', '2018-09-01 00:00:00', true, '00000000T2-0027', 0, 7, 0, 0, '', 1, 0, 0, 0, '2018-01-01 00:00:00', '2028-01-01 00:00:00', '', 0, 0, false, 1, false, '0001-01-01 00:00:00', '0001-01-01 00:00:00', '0001-01-01 00:00:00', '0001-01-01 00:00:00', '0001-01-01 00:00:00', '0001-01-01 00:00:00', '0001-01-01 00:00:00', '0001-01-01 00:00:00', '0001-01-01 00:00:00', '0001-01-01 00:00:00', '0001-01-01 00:00:00', '0001-01-01 00:00:00', '0001-01-01 00:00:00', '0001-01-01 00:00:00', '0001-01-01 00:00:00', '0001-01-01 00:00:00', 2);
INSERT INTO public.pos_plushow VALUES (74, 'Classic Coffee', '36a801726c1499311ec49fa9e36ac3f6.jpg', 'Classic Coffee', '2018-09-01 00:00:00', true, '00000000T2-0024', 0, 7, 0, 0, '', 1, 0, 1, 3, '2018-01-01 00:00:00', '2028-01-01 00:00:00', '', 0, 0, false, 1, false, '0001-01-01 00:00:00', '0001-01-01 00:00:00', '0001-01-01 00:00:00', '0001-01-01 00:00:00', '0001-01-01 00:00:00', '0001-01-01 00:00:00', '0001-01-01 00:00:00', '0001-01-01 00:00:00', '0001-01-01 00:00:00', '0001-01-01 00:00:00', '0001-01-01 00:00:00', '0001-01-01 00:00:00', '0001-01-01 00:00:00', '0001-01-01 00:00:00', '0001-01-01 00:00:00', '0001-01-01 00:00:00', 2);
INSERT INTO public.pos_plushow VALUES (76, 'Es Ocha', '70d0290a08b01d6dfea8a7343df3fc90.jpg', 'Es Ocha', '2018-09-01 00:00:00', true, '00000000T2-0026', 0, 7, 0, 0, '', 1, 0, 0, 0, '2018-01-01 00:00:00', '2028-01-01 00:00:00', '', 0, 0, false, 1, false, '0001-01-01 00:00:00', '0001-01-01 00:00:00', '0001-01-01 00:00:00', '0001-01-01 00:00:00', '0001-01-01 00:00:00', '0001-01-01 00:00:00', '0001-01-01 00:00:00', '0001-01-01 00:00:00', '0001-01-01 00:00:00', '0001-01-01 00:00:00', '0001-01-01 00:00:00', '0001-01-01 00:00:00', '0001-01-01 00:00:00', '0001-01-01 00:00:00', '0001-01-01 00:00:00', '0001-01-01 00:00:00', 2);
INSERT INTO public.pos_plushow VALUES (68, 'Beef Croquette', '22531d53fb6e03e0ca986f662a2dcd5e.jpg', 'Beef Croquette', '2018-09-01 00:00:00', true, '00000000T2-0018', 0, 8, 0, 0, '', 1, 0, 0, 0, '2018-01-01 00:00:00', '2028-01-01 00:00:00', '', 0, 0, false, 1, false, '0001-01-01 00:00:00', '0001-01-01 00:00:00', '0001-01-01 00:00:00', '0001-01-01 00:00:00', '0001-01-01 00:00:00', '0001-01-01 00:00:00', '0001-01-01 00:00:00', '0001-01-01 00:00:00', '0001-01-01 00:00:00', '0001-01-01 00:00:00', '0001-01-01 00:00:00', '0001-01-01 00:00:00', '0001-01-01 00:00:00', '0001-01-01 00:00:00', '0001-01-01 00:00:00', '0001-01-01 00:00:00', 2);
INSERT INTO public.pos_plushow VALUES (1, 'Avocado Milk Tea R''', '7f40526da466c95f1c330578417aba9d.jpg', 'Avocado Milk Tea R', '2018-09-01 00:00:00', true, '00000000T1-0001', 0, 1, 0, 0, '', 1, 0, 1, 99, '2018-01-01 00:00:00', '2028-01-01 00:00:00', '', 0, 0, false, 1, false, '0001-01-01 00:00:00', '0001-01-01 00:00:00', '0001-01-01 00:00:00', '0001-01-01 00:00:00', '0001-01-01 00:00:00', '0001-01-01 00:00:00', '0001-01-01 00:00:00', '0001-01-01 00:00:00', '0001-01-01 00:00:00', '0001-01-01 00:00:00', '0001-01-01 00:00:00', '0001-01-01 00:00:00', '0001-01-01 00:00:00', '0001-01-01 00:00:00', '0001-01-01 00:00:00', '0001-01-01 00:00:00', 1);
INSERT INTO public.pos_plushow VALUES (11, 'Avocado Smoothies R', 'f5fd4efb0f14f54aa1e99ba7d2a96949.jpg', 'Avocado Smoothies R', '2018-09-01 00:00:00', true, '00000000T1-0015', 0, 2, 0, 0, '', 1, 0, 1, 1, '2018-01-01 00:00:00', '2028-01-01 00:00:00', '', 0, 0, false, 1, false, '0001-01-01 00:00:00', '0001-01-01 00:00:00', '0001-01-01 00:00:00', '0001-01-01 00:00:00', '0001-01-01 00:00:00', '0001-01-01 00:00:00', '0001-01-01 00:00:00', '0001-01-01 00:00:00', '0001-01-01 00:00:00', '0001-01-01 00:00:00', '0001-01-01 00:00:00', '0001-01-01 00:00:00', '0001-01-01 00:00:00', '0001-01-01 00:00:00', '0001-01-01 00:00:00', '0001-01-01 00:00:00', 1);
INSERT INTO public.pos_plushow VALUES (87, 'strisdsdng', NULL, 'string', NULL, NULL, NULL, NULL, NULL, NULL, NULL, NULL, NULL, NULL, 0, 0, NULL, NULL, NULL, NULL, NULL, NULL, NULL, false, '2020-01-01 00:00:00', '2020-01-01 00:00:00', '2020-01-01 00:00:00', '2020-01-01 00:00:00', '2020-01-01 00:00:00', '2020-01-01 00:00:00', '2020-01-01 00:00:00', '2020-01-01 00:00:00', '2020-01-01 00:00:00', '2020-01-01 00:00:00', '2020-01-01 00:00:00', '2020-01-01 00:00:00', '2020-01-01 00:00:00', '2020-01-01 00:00:00', '2020-01-01 00:00:00', '2020-01-01 00:00:00', NULL);


-- Completed on 2021-03-10 16:13:31

--
-- PostgreSQL database dump complete
--

